13 11 2018, 13 11 2018
13 11 2018, 14 11 2018
13 11 2018, 15 11 2018
13 11 2018, 13 12 2018
13 10 2018, 13 11 2018
13 02 2018, 13 03 2018
13 02 2020, 13 03 2020
13 02 2019, 13 02 2020
13 03 2019, 13 03 2020
13 02 2018, 13 02 2020
03 01 2018, 28 02 2020
13 03 2018, 13 03 2020
13 03 2017, 13 03 2020
13 03 2016, 13 03 2020
13 03 2019, 13 04 2020
13 04 2019, 13 05 2020
13 03 2018, 13 04 2019
13 44 2018, 13 05 2019
13 02 1900, 13 03 1900
13 02 1904, 13 03 1904
13 02 1900, 13 03 1901
13 02 1904, 13 03 1905
01 01 1900, 31 12 2020